true_pollution,pred_pollution
128.0,163.02484
77.0,105.01875
65.0,67.78479
79.0,66.05672
93.0,85.47812
104.0,98.97903
202.0,108.65122
245.0,212.64185
225.0,255.08696
180.0,208.35495
180.0,143.9775
170.0,165.68561
160.0,154.285
146.0,140.59607
125.0,128.65639
130.0,106.38051
138.0,119.17963
147.0,128.85782
135.0,140.22034
136.0,121.84067
124.0,122.8732
135.0,109.09711
132.0,122.27951
133.0,122.03264
142.0,135.68724
163.0,148.49939
166.0,172.50165
189.0,173.87027
202.0,207.9755
228.0,217.67546
240.0,244.18982
235.0,249.94147
252.0,234.34897
254.0,251.83391
274.0,252.17583
253.0,265.34952
248.0,221.13504
219.0,225.85124
199.0,189.84795
198.0,175.24055
204.0,185.83002
66.0,192.63525
22.0,51.82095
19.0,24.580193
16.0,18.719978
11.0,17.172401
17.0,13.9021
15.0,16.492561
14.0,15.282272
12.0,14.5340805
7.0,13.319733
7.0,9.79129
15.0,8.967972
7.0,12.831421
10.0,9.855431
8.0,11.336021
12.0,10.03112
11.0,11.709839
9.0,11.280579
14.0,10.472176
8.0,12.419716
12.0,10.106697
11.0,11.586113
12.0,11.359352
15.0,11.777267
12.0,13.774467
7.6293945e-06,12.43631
7.6293945e-06,6.846657
7.6293945e-06,5.418045
7.6293945e-06,4.168274
7.6293945e-06,4.0873337
7.6293945e-06,3.6489334
7.6293945e-06,3.3212357
7.6293945e-06,3.1866226
7.6293945e-06,3.2247925
12.0,3.2807922
14.0,8.485527
10.0,11.39312
7.0,10.723808
8.0,9.261024
6.0,8.908554
4.0,8.111481
4.0,6.9789886
7.0,6.2969284
6.0,7.523819
8.0,7.5038834
7.0,8.312271
6.0,8.417038
9.0,8.2250595
9.0,9.116684
9.0,9.722527
8.0,9.873489
11.0,9.103638
17.0,9.6661
21.0,12.621628
12.0,15.345978
20.0,12.769371
15.0,14.985657
13.0,13.760994
14.0,12.885628
20.0,12.843971
32.0,15.576576
33.0,27.572418
45.999996,32.9723
53.0,46.20228
64.0,52.642284
53.0,65.18332
72.0,55.875664
85.0,75.85066
95.0,93.3435
98.0,101.06251
105.0,103.216515
117.0,105.09233
117.0,120.85659
126.0,116.19652
145.0,127.129166
136.0,139.84483
95.0,117.35465
80.0,81.13948
51.0,73.79431
67.0,53.55778
71.0,70.1163
63.0,75.54224
80.0,69.18323
75.0,88.36925
87.0,79.73753
105.0,97.84833
125.0,117.341095
115.0,140.02043
123.0,123.14157
142.0,133.3273
178.0,150.97462
163.0,189.3479
162.0,158.06802
145.0,156.0152
114.0,127.896645
84.0,90.01128
102.0,65.9806
82.0,99.647064
88.0,74.34629
90.0,83.09132
88.0,80.32643
95.0,76.77206
81.0,81.92537
89.0,66.05794
95.0,75.64395
57.0,77.692604
62.0,52.24292
234.0,71.09009
118.0,213.78648
108.0,86.87444
33.0,92.11464
21.0,39.61994
14.0,26.093086
13.0,20.85086
9.0,19.646088
10.0,14.528282
11.0,12.591904
9.0,15.458771
15.0,11.495567
13.0,15.425468
12.0,13.550751
11.0,12.173653
18.0,10.89212
17.0,15.389511
11.0,14.921379
12.0,11.326897
14.0,10.984131
14.0,12.452263
12.0,12.688858
16.0,11.572853
16.0,13.690979
12.0,14.558365
20.0,12.275497
23.0,16.14907
16.0,18.416313
17.0,14.181709
18.0,14.547142
20.0,15.02729
22.0,16.238121
22.0,17.848358
10.0,17.95385
14.0,13.120361
14.0,13.347412
18.0,14.370384
13.0,18.011292
18.0,14.897568
27.0,17.717018
38.0,21.33905
25.0,28.009613
16.0,19.715363
16.0,14.7752
9.0,14.18663
8.0,12.680092
18.0,11.10714
30.999996,22.750877
38.0,31.459404
49.0,39.1241
52.0,51.100086
50.0,56.125004
51.0,53.450176
69.0,55.832752
93.0,73.492065
94.0,97.59108
147.0,95.47729
226.0,159.2634
179.0,242.25159
153.0,137.36752
133.0,128.56348
127.0,112.96757
119.0,108.56068
111.0,114.28125
118.0,104.81101
116.0,112.810524
131.0,123.0784
152.0,135.92741
163.0,158.45193
171.0,169.74379
198.0,177.41501
234.0,209.89551
260.0,252.39598
271.0,270.97592
244.0,279.5091
242.0,214.02608
210.0,230.86662
194.0,199.37967
163.0,191.42084
194.0,142.66246
187.0,192.29486
216.0,172.18344
225.0,204.78836
199.0,209.55917
207.0,170.8017
227.0,193.09084
259.0,215.89444
182.0,247.77605
185.0,127.782166
191.0,162.6369
194.0,170.37244
194.0,169.53107
192.0,183.87154
208.0,185.12097
224.0,212.39551
249.0,231.66304
317.0,260.0221
328.0,330.49127
349.0,340.93378
327.0,362.92218
348.0,325.20953
363.0,358.01392
385.0,367.35718
393.0,390.89008
388.0,385.51306
444.0,366.3034
334.0,407.48346
284.0,237.26646
264.0,243.54524
221.0,234.25897
160.0,186.2288
160.0,125.64232
92.0,147.97986
58.999996,68.84632
69.0,49.7845
48.0,63.611923
32.0,44.415073
33.0,33.985786
45.0,32.902718
42.0,40.981865
41.0,39.00532
110.0,37.702766
175.0,101.045105
293.0,164.26959
324.0,276.89056
341.0,317.89636
362.0,342.55612
372.0,367.1057
373.0,375.21558
372.0,371.5899
318.0,372.95258
188.0,299.8484
171.0,135.10963
136.0,165.64938
124.0,120.3403
141.0,121.22783
132.0,146.87036
134.0,129.71469
56.0,135.26846
48.0,47.233055
27.0,44.028095
28.0,27.624748
20.0,26.646095
22.0,20.571037
120.0,21.27005
109.0,111.355286
112.0,106.51803
128.0,114.502655
164.0,133.32686
159.0,175.38556
189.0,151.88799
97.0,188.58809
81.0,68.959145
28.0,68.73964
25.0,30.521706
9.0,26.850983
9.0,15.082764
13.0,12.75148
17.0,18.611382
16.0,19.260094
25.0,15.896011
48.0,22.50161
49.0,43.21305
73.0,46.578793
65.0,70.58932
55.0,65.90138
60.0,58.91093
63.0,62.720665
79.0,62.021618
35.0,82.77028
26.0,41.54766
20.0,27.533073
8.0,20.518013
16.0,9.055344
10.0,13.403854
11.0,12.515816
20.0,12.8536
9.0,17.796997
8.0,11.764587
9.0,9.570229
8.0,9.258041
8.0,8.473991
8.0,9.1564865
8.0,9.162651
7.0,8.665062
12.0,8.042061
17.0,10.324989
11.0,12.831566
9.0,9.551453
11.0,8.555672
8.0,9.680527
9.0,9.747231
10.0,10.133522
8.0,10.504013
10.0,9.123276
10.0,10.1334
8.0,10.112053
12.0,9.406029
